<?xml version="1.0" encoding="UTF-8"?>
<project-private xmlns="http://www.netbeans.org/ns/project-private/1">
    <editor-bookmarks xmlns="http://www.netbeans.org/ns/editor-bookmarks/2" lastBookmarkId="0"/>
    <open-files xmlns="http://www.netbeans.org/ns/projectui-open-files/2">
        <group>
            <file>file:/C:/Users/user/Documents/NetBeansProjects/4News/src/java/ServletPackage/LoginServlet.java</file>
            <file>file:/C:/Users/user/Documents/NetBeansProjects/4News/web/register.jsp</file>
            <file>file:/C:/Users/user/Documents/NetBeansProjects/4News/web/economie.jsp</file>
            <file>file:/C:/Users/user/Documents/NetBeansProjects/4News/src/java/ServletPackage/RegisterServlet.java</file>
            <file>file:/C:/Users/user/Documents/NetBeansProjects/4News/web/login.jsp</file>
            <file>file:/C:/Users/user/Documents/NetBeansProjects/4News/web/index.jsp</file>
        </group>
    </open-files>
</project-private>
